sex,neet_rate
men,12.40576183653015
women,11.694937758310012
