sex,neet_rate
men,13.921884787867917
women,14.496146453342117
